"conversation_id_str","created_at","favorite_count","full_text","id_str","image_url","in_reply_to_screen_name","lang","location","quote_count","reply_count","retweet_count","tweet_url","user_id_str","username"
"1631934655208488960","Sat Mar 04 08:28:36 +0000 2023","5498","Karangan bunga dari alumni konser NCT127 The Link Day 1 #TDS2inJKT #THEDREAMSHOW2_in_JKT #THEDREAMSHOW2_in_Jakarta https://t.co/JXdEykyzj6","1631934655208488960","https://pbs.twimg.com/amplify_video_thumb/1631934575516717056/img/PxCDEnlO4YOsLV02.jpg","","in","Jakarta Capital Region","111","15","498","https://x.com/SMTOWN_JKT/status/1631934655208488960","615953283","SMTOWN_JKT"
"1659575110922305536","Fri May 19 15:42:28 +0000 2023","0","berpengalaman war tiket pribadi konser NCT 127 The Link in Jakarta Day 1 &amp; Day 2 https://t.co/GIF7Gwm8T8","1659585320088928256","https://pbs.twimg.com/media/FwgHli6acAAzYKx.jpg","markiez_","in","","0","1","0","https://x.com/markiez_/status/1659585320088928256","1267123303572881408","markiez_"
"1720941404065776042","Sat Nov 04 23:09:38 +0000 2023","33","221105 tepat 1 tahun lalu setelah 7thn ngebiasin haechan akhirnya aku bisa dipertemukan dg HAECHAN. Pengalaman pertama nnton konser dan di kasih kenangan semanis itu &lt;3 Thank you The Link in Jakarta https://t.co/Rxnh4LcWs8","1720941404065776042","https://pbs.twimg.com/ext_tw_video_thumb/1720941096577216512/pu/img/rqyunVJJWFQSJGyS.jpg","","in","Ìï¥ÌîÑ ‚ùÅ+‚úπ=‚ô° Îß†Îèô rps","1","1","4","https://x.com/mybelovesun/status/1720941404065776042","1551031700586606593","mybelovesun"
"1645325105592156161","Mon Apr 10 07:17:28 +0000 2023","4","WTS Jasa war jaswar jastip tiket konser Red Velvet R to V in Jakarta Fee 100k/tix Bisa pake data kalian sendiri Untuk TnC nanti aku kirim di DM ya! Proofs war: 1. Allobank Green Section Ô∏è 2. The Link Cat 1D Ô∏è 3. TDS2 Cat 1A QN 21 Ô∏è Open limited slot only Ô∏è https://t.co/ctfDbIaNrz","1645325105592156161","https://pbs.twimg.com/media/FtVeb6jaUAIOrWH.jpg","","in","","6","1","3","https://x.com/renjunyz/status/1645325105592156161","1398923980027797511","renjunyz"
"1797167980293546362","Sun Jun 02 07:26:50 +0000 2024","6","[OPEN JASWAR/JASA WAR 'AESPA : SYNK PARALLEL LINE' IN JAKARTA] FEE : VIP SC 250-300K OTHER CAT 175-225K Ô∏è Data Pribadi Ô∏è Self Payment DM/WA for order &amp; questions SECURED THE LINK/UNITY TDS 2/3 BAEKHYUN IU TREASURE ETC wts jastip tiket ticketing konser aespa jkt https://t.co/qqumLv6TG0","1797167980293546362","https://pbs.twimg.com/media/GPDSvynbYAA3m-l.jpg","","in","Jawa Tengah, Indonesia","1","1","4","https://x.com/nawowwjaemin/status/1797167980293546362","1270051461469069312","nawowwjaemin"
"1720671000902402316","Sat Nov 04 05:15:09 +0000 2023","1","selamat 1 tahun The Link in Jakarta to much memories di konser ini suka duka semua nya ada bener nano bgt rasanyaaa but i m so happy bcs this is first time i meet nct 127 and ofc my bias johnny suh https://t.co/Y0FvoOxpk5","1720671000902402316","https://pbs.twimg.com/ext_tw_video_thumb/1720670871269036032/pu/img/gOkl6Sj9WWZkX8lQ.jpg","","in","","0","1","0","https://x.com/zhcl_jnsh/status/1720671000902402316","1342128857134993409","zhcl_jnsh"
"1794939344920494224","Mon May 27 03:51:02 +0000 2024","0","Ada yang mau kalo open jaswar konser enhypen? Self payment Ô∏è Fee pink SC 275-350k/tix cat lain 175-250k/tix Kemaren tds3 secured 6 tiket. Sering secure dari the link tds2 bp the unity iu treasure dll wts jastip ticketing konser fate+ fate plus jkt #FATEPLUS_IN_JAKARTA https://t.co/rfD4QKxY1n","1794939344920494224","https://pbs.twimg.com/media/GOjn0icakAIiKch.jpg","","in","Jawa Tengah, Indonesia","0","1","0","https://x.com/nawowwjaemin/status/1794939344920494224","1270051461469069312","nawowwjaemin"
"1653988981078650880","Thu May 04 14:42:50 +0000 2023","0","@starfess Konser pertama kali yg gue tonton tuh konser The Link 127 in Jakarta eh malah bubar ditengah tp ga papa gue tetap senang bisa melihat mereka secara nyata walau sebentar https://t.co/jLZyulCpuI","1654134496382566401","https://pbs.twimg.com/ext_tw_video_thumb/1654134397384392706/pu/img/nxIy9va2dGNMYkJ4.jpg","starfess","in","Indonesia","0","0","0","https://x.com/Beeblossom21/status/1654134496382566401","3089787690","Beeblossom21"
"1658881819117490178","Wed May 17 17:07:00 +0000 2023","5","ADA YANG MAU JASTIP TIKET KONSER AESPA LIVE TOUR 2023 - SYNK HYPER LINE IN JAKARTA Aku mau open sekalian beli buat sendiri dijamin trusted * slot terbatas * fee 150 di urus sampe tiket fisik * Bisa dm Udah pernah war tiket THE LINK TDS 2 BLACKPINK https://t.co/i9gFLWzXBW","1658881819117490178","https://pbs.twimg.com/media/FwWION7agAEtoqc.jpg","","in","","2","1","1","https://x.com/chocoJJ__/status/1658881819117490178","1143830974943223808","chocoJJ__"
"1721015086717010169","Sun Nov 05 04:02:26 +0000 2023","5","221105 Day 2 - The Link in Jakarta! rasa sedih &amp; seneng semua campur jadi satu. dari yg awalnya ga dapet tiket day 2 terus tbtb ada yg nawarin tapi seating. khawatir konser batal atau ga sampe selesai lagi dan ninggalin kesan buruk ke urichil tapi Alhamdulillah semua aman https://t.co/n5AFOzRIVn","1721015086717010169","https://pbs.twimg.com/media/F-JGFyebkAACrbo.jpg","","in","","0","1","0","https://x.com/breezypeachy/status/1721015086717010169","1129407920930664449","breezypeachy"
"1635677540319899648","Tue Mar 14 16:21:30 +0000 2023","0","Siapa yang kangen sama NCT 127 cunggg?! Ô∏è Konser NCT 127 The Link+ in Jakarta jadi salah satu war tiket yang pertama kali banget mimin open jujur MinMeow tuh pas war tiket ini degdegan banget karena sesusah itu Tapiiii kalo buat TemenMeow apa sih yang engga hehehe https://t.co/oNVzroyt5y","1635677544925245441","https://pbs.twimg.com/media/FrMPWI9agAA-8aq.jpg","jastipinmeow","in","Jakarta","0","1","0","https://x.com/jastipinmeow/status/1635677544925245441","1635609278106193925","jastipinmeow"
"1659041606341894144","Thu May 18 04:09:32 +0000 2023","0","Testimoni Jastip War Tiket Konser NCT 127 : The Link in Jakarta https://t.co/YWK77UnOTr","1659048549332693010","https://pbs.twimg.com/media/FwYfy35aIAEvAWU.jpg","eurekareki","in","","0","1","0","https://x.com/eurekareki/status/1659048549332693010","1659025316789231619","eurekareki"
"1716316033978609782","Mon Oct 23 04:50:04 +0000 2023","1","OPEN JASA WAR TIKET ED SHEERAN : +-=√∑x TOUR (PUBLIC SALE ONLY) by Whitesummer Ô∏è Saturday Mar 2 2024 at Gelora Bung Karno Stadium Pengalaman jastip &amp; war tiket konser (bets tds2 the link trejo) t. Ed Sheeran ed sheeran concert in Jakarta jastip jaswar jasa titip https://t.co/kOFuiES89Q","1716316033978609782","https://pbs.twimg.com/media/F9GT1uEaoAAUF0-.jpg","","in","","1","1","1","https://x.com/hellobebears/status/1716316033978609782","1514470263261626371","hellobebears"
"1774303641849168009","Sun Mar 31 05:17:36 +0000 2024","0","Ô∏è Syarat &amp; Ketentuan dibawah ini silahkan dibaca terlebih dulu Poster trip akan dirilis berbeda Testi: The Link TDS2 Bornpink dll T. sment nctdream tds3 in Jakarta GBK dyandra Open Jastip wts wtb PP oneway Jatinangor Cileunyi Bandung Cimahi murah trusted sijeuni nctzen https://t.co/SxKtSPaQmc","1774305020445708375","https://pbs.twimg.com/media/GJ-ZAgTbMAAMWRD.jpg","sasarengantripp","in","Bandung, Jawa Barat","0","0","0","https://x.com/sasarengantripp/status/1774305020445708375","842659541921673216","sasarengantripp"
"1684094660283858944","Wed Jul 26 06:53:50 +0000 2023","0","OPEN JASWAR - SMCU in JAKARTA Pakai data sendiri Fee 300/tix Bookslot 50k untuk menghindari HNR Full refund apabila tidak dapat Testimonials : The Link The Dream Show Treasure Kim Seonho Red Velvet Coldplay aespa More info silahkan PC yaaa - smtown konser https://t.co/r7qtyWoNvB","1684094660283858944","https://pbs.twimg.com/media/F18bKmRaAAAH5p3.jpg","","in","","0","0","0","https://x.com/konseranyuk/status/1684094660283858944","1441929729695641601","konseranyuk"
"1674698518647439362","Fri Jun 30 08:36:55 +0000 2023","0","OPEN JASWAR - Taeyeon Konser in Jakarta Pakai data sendiri Fee 100/tix Bookslot 50k untuk menghindari HNR Full refund apabila tidak dapat Testimonials : The Link The Dream Show Treasure Kim Seonho Red Velvet Coldplay aespa More info silahkan PC yaaa https://t.co/JvPY8MCHl8","1674698518647439362","https://pbs.twimg.com/media/Fz25bINacAE-gOt.jpg","","in","","0","0","0","https://x.com/konseranyuk/status/1674698518647439362","1441929729695641601","konseranyuk"
"1639157766014242816","Fri Mar 24 06:50:40 +0000 2023","5","WTS Jasa war tiket konser WAYV Phantom in Jakarta Fee 100k/tix Bisa pake data kalian sendiri Proofs war: 1. Allobank Green Section Ô∏è 2. The Link Cat 1D Ô∏è 3. TDS2 Cat 1A QN 21 Ô∏è Mohon maaf watermarknya ya wkwk agar tidak dicolong makhluk tak bertanggung jawab Ô∏è https://t.co/8q1SXLeAWu","1639157766014242816","https://pbs.twimg.com/media/Fr91SbVaIAcPW7_.jpg","","in","","1","4","1","https://x.com/renjunyz/status/1639157766014242816","1398923980027797511","renjunyz"
"1706557340328349963","Tue Sep 26 06:32:30 +0000 2023","1","Open Jasa War Konser Twice Ready To Be in Jakarta fee 100k aja dibayar kalo tiketnya dapet aja. Pengalaman war tiket konser the link treasure hello le serrafim smtown jakarta. Dm ajaaa #zonauang #readytobe_in_jkt #twice https://t.co/FbXphmSzwL","1706557340328349963","https://pbs.twimg.com/media/F67o2edaQAArb5k.jpg","","in","02'l","0","0","1","https://x.com/PaJihooniez/status/1706557340328349963","1512013208533422080","PaJihooniez"
"1669924135026446336","Sat Jun 17 04:25:14 +0000 2023","0","OPEN JASWAR - The Boyz World Tour in Jakarta Pakai data sendiri Fee 150/tix Bookslot 50k untuk menghindari HNR Full refund apabila tidak dapat Testimonials : The Link The Dream Show Treasure Kim Seonho Red Velvet Coldplay aespa More info silahkan PC yaaa https://t.co/B0KyrlXZLR","1669924135026446336","https://pbs.twimg.com/media/FyzDJdEakAAz066.jpg","","in","","0","0","0","https://x.com/konseranyuk/status/1669924135026446336","1441929729695641601","konseranyuk"
"1720670123521098176","Sat Nov 04 05:11:40 +0000 2023","0","pada update the link jkt day 1 ya. aku pas day 1 itu di balai sarbini nonton sesang diary in jakarta atau 1st fanmeet nya sejeong. karna pas beli tix kalah war di 2 hari konser nangis oh ya jelas... tapi diganti sama section bagus di fm sejeong row 2 centre. https://t.co/xwDcRHqJce","1720670123521098176","https://pbs.twimg.com/media/F-EMWkLbwAAM6uW.jpg","","in","HOLO, MOLO SOON!!!","0","1","0","https://x.com/bbichanie/status/1720670123521098176","1434199590023008262","bbichanie"
"1662052665315184640","Fri May 26 11:06:49 +0000 2023","2","WTS Tas PVC 2 in 1 untuk konser preloved Baru 1x pemakaian pas The Link in Jakarta 2022 Good condi Tas PVC + Canvas + Tali Price 150k / offer Co bisa via Oren Dom bekasi #NCT #NCT127 #NCTDREAM #WayV #aespa #REDVELVET #BTS https://t.co/wOqkbQkq09","1662052665315184640","https://pbs.twimg.com/media/FxDMFR5aQAA31Lq.jpg","","in","","0","1","0","https://x.com/xena__JJ/status/1662052665315184640","1588067552638345216","xena__JJ"
"1731563701243928587","Mon Dec 04 06:38:51 +0000 2023","0","OPEN JASTIP NCT127 3RD TOUR THE UNITY IN JAKARTA fee 300k limited slot 4 tiket/day tuker sendiri/bisa dibantu urus oleh tim kita book slot 25k/tiket Prior ticketing experince: BP The Link BETS jkt coldplay Bisa dm yaa untuk tanya2 https://t.co/JWUBuDfLAB","1731563701243928587","https://pbs.twimg.com/media/GAfAActawAAMefR.jpg","","in","","0","0","0","https://x.com/bloominily/status/1731563701243928587","1222898380545724421","bloominily"
"1759816732913623123","Tue Feb 20 05:46:19 +0000 2024","4","OPEN JASTIP - TREASURE RELAY TOUR REBOOT 2024 FEE 350K/TIX BERSIH SAMPE FISIK TABUNGAN SAMPAI H-1 TIKETING WAR MEMSHIP WV/MECIMA GENERAL GO IN BIO PROOF KONSER SEBELUMNYA TREASURE SMTOWN THE LINK DLL TAG. TREASURE KONSER REBOOT IN JAKARTA https://t.co/m50gcrydmA","1759816732913623123","https://pbs.twimg.com/media/GGwf_cvbcAANG6w.jpg","","in","","0","2","1","https://x.com/mashicloverr/status/1759816732913623123","4218474441","mashicloverr"
"1632387372578123779","Sun Mar 05 14:27:32 +0000 2023","0","Dyandra mkasih banget berkat kalian aku bisa ngerasain konser terkeren yg pernah aku rasain Krna aku korban the link day 1 yg nyesek smpai skrang trus skrang tds2 bener2 terobati Thank You Dyandra #NCTDREAM_THEDREAMSHOW2_in_JAKARTA #TDS2inJAKARTA_DAY1 #NCTDREAM https://t.co/1zZzv0djEg","1632387372578123779","https://pbs.twimg.com/media/Fqdnp5cacAcpfFq.jpg","","in","","0","0","0","https://x.com/ShinyuryyY/status/1632387372578123779","3256764096","ShinyuryyY"
"1779698485534876009","Mon Apr 15 02:29:33 +0000 2024","0","The Link in Jakarta tiap konser mostly barang ini yang aku bawa. kita mulai dari pvc dulu yah! yang ini ukurannya 20x25x10 (kurang dari a4) pouch bisa lepas pasang kalau mau space lebih banyak prefer lepas aja ya! https://t.co/bH7JpScdfq (bisa custom nama grup bias) https://t.co/APtd2P29cf","1779698548780712387","https://pbs.twimg.com/media/GLLCWM3aUAAuCrh.jpg","soleilraw","in","haechanahceah","0","1","0","https://x.com/soleilraw/status/1779698548780712387","749261320634011651","soleilraw"
"1653036198309539846","Mon May 01 13:58:36 +0000 2023","1","Nct 127 The link in JakartaÔ∏è Nct Dream the dream show in JakartaÔ∏è Wayv Phantom fanmeeting in Jakarta Ô∏è Already doneÔ∏è Alhamdullilah ada rezeki bisa dtg ke konser dan fanmeet mereka. See you in another concert #Thelinkinjkt #TDS2inJAKARTA #WayV_Phantom_in_JAKARTA https://t.co/hJ4sMEr1Tl","1653036198309539846","https://pbs.twimg.com/media/FvDDqSgaQAAkGcx.jpg","","in","kwangya","0","0","0","https://x.com/maretasaras/status/1653036198309539846","112076456","maretasaras"
"1626559615008923649","Fri Feb 17 12:30:06 +0000 2023","0","OPEN JASA WAR TIKET AGUSTD TOUR IN JAKARTA HANYA WAR SAJA limited slot data pribadi fee 250k trusted (pengalaman war The Link dan TDS 2) dm untuk info / wa ke https://t.co/AnJTPkFbXL #zonauang #AgustDOnTour #AgustDTour https://t.co/fSyPzp9YT3","1626559615008923649","https://pbs.twimg.com/media/FpKzUK4akAAu60D.jpg","","in","","0","1","0","https://x.com/jaswaar/status/1626559615008923649","1582050659649847297","jaswaar"
"1730494349342101941","Fri Dec 01 07:49:38 +0000 2023","1","(JASA WAR) NCT 127 3RD TOUR : THE UNITY in Jakarta by https://t.co/0ViyRfZjus Ô∏è Sat 13 Jan 2024 - Sun 14 Jan 2024 Pengalaman jastip &amp; war tiket konser (bets tds2 the link twice trejo) t. Jasa titip war. Jastip war tiket. jaswar tiket. nct 127 https://t.co/I2mPDpDANa","1730494349342101941","https://pbs.twimg.com/media/GAPycltbwAAKKko.jpg","","in","","1","1","1","https://x.com/hellobebears/status/1730494349342101941","1514470263261626371","hellobebears"
"1703275471398731878","Sun Sep 17 05:11:32 +0000 2023","0","WTR/ WANT TO RENT lightstick NCT for SMTOWN in JAKARTA 200k (dp 50k inc battery) Ô∏è deposit &amp; jaminan ktp/ kartu pelajar/ sim COD venue good condi pernah dipakai konser the link &amp; tds 2 dm for more! #SMTOWN_LIVE_2023_SMCU_PALACE_JAKARTA","1703275471398731878","","","in","","0","0","0","https://x.com/mrolxf/status/1703275471398731878","1492473782451138569","mrolxf"
"1655734228276113408","Tue May 09 00:44:06 +0000 2023","0","Pas nonton konser The Link In Jakarta aku ngerasain ada perbedaan yg sedikit lebih baik dr konser EP5 ada booth ada neobong staff nya juga lebih banyak kekurangannya mungkin karena stage nya jauh karena aku dr seating Audio nya memang agak2 di day 1 Tapi aku merasa","1655735358192242688","","dearmyd4y12","in","","0","1","1","https://x.com/dearmyd4y12/status/1655735358192242688","1629412422216982529","dearmyd4y12"
"1632579686902677505","Mon Mar 06 03:11:43 +0000 2023","0","Konser Tds2 In Jakarta di holding area nya ada yg buat ngecas kuk pas The link ga guys???","1632579686902677505","","","in","HATI JAEHYUN","0","0","0","https://x.com/jaehyunhcn/status/1632579686902677505","4667504918","jaehyunhcn"
"1773614005149479071","Fri Mar 29 07:31:45 +0000 2024","0","OPEN JASWAR/JASA WAR NCT DREAM - THE DREAM SHOW 3 IN JAKARTA Ô∏è Data Pribadi Ô∏è Self Payment Ô∏èVIP PRESALE CLOSE SEMENTARAÔ∏è DM/WA for more info SECURED THE LINK/UNITY TDS2 BLACKPINK SUGA EXO SMTOWN IU TREASURE IN JKT ETC wts wtb jastip tiket konser tds tds3","1773614005149479071","","","in","Jawa Tengah, Indonesia","0","1","0","https://x.com/nawowwjaemin/status/1773614005149479071","1270051461469069312","nawowwjaemin"
"1659631255980503040","Fri May 19 18:45:00 +0000 2023","1","yu masih bisa pengalamannya dpt tiket the link tds2. phantom wayv suga blackpink dll boleh tanya2 dulu aja di dm!!! open jastip jaswar tiket konser aespa live tour synk hyper line in jakarta","1659631255980503040","","","in","00z","0","0","0","https://x.com/chamaeleeona/status/1659631255980503040","1501891460748427275","chamaeleeona"
"1669173157377490944","Thu Jun 15 02:41:07 +0000 2023","0","OPEN JASWAR - Charlie Puth in Jakarta Pakai data sendiri Fee 150/tix Bookslot 50k untuk menghindari HNR Full refund apabila tidak dapat Testimonials : The Link The Dream Show Treasure Kim Seonho Red Velvet Coldplay aespa More info silahkan PC yaaa","1669173157377490944","","","in","","1","0","0","https://x.com/konseranyuk/status/1669173157377490944","1441929729695641601","konseranyuk"
"1661292957432152069","Wed May 24 08:48:01 +0000 2023","0","pliss bgt ini remindernya di dengerin jan sampe pengalaman paitku di konser the link kmrn ke ulang lagi #SUGA_AgustD_TOUR_in_Jakarta #AgustD_SUGA_jakarta #SUGA_AgustD_TOUR","1661292957432152069","","","in","","0","0","0","https://x.com/page_kylahs/status/1661292957432152069","1620658775169581056","page_kylahs"
"1653180868675137536","Mon May 01 23:34:09 +0000 2023","0","Pengalaman : konser seventeen be the sun txt ack lovesick nct the link blackpink bornpink. Yang berminat atau mau nanya2 dulu kindly DM me #TXTINJAKARTA #TXT_ASM_TOUR_in_JAKARTA","1653181040977149953","","uniqueown1","in","","0","1","0","https://x.com/uniqueown1/status/1653181040977149953","1428210623297458191","uniqueown1"
"1646921256183160857","Fri Apr 14 17:00:00 +0000 2023","0"," TRIP KONSER BOGOR Buat yang nanya WayV kendaraannya pake apa kita pake BigBus yang sama kayak pas TDS + The Link! Full AC full musik ada port charger aduuu tunggu apa lagi? #WayV_Phantom #wayv_phantom_in_jakarta #wayvinjkt #wayvinjakarta #Wayv_Phantom_in_JKT","1646921256183160857","","","in","Bogor, Indonesia","0","0","0","https://x.com/teamconcertmate/status/1646921256183160857","1611907876758618112","teamconcertmate"
"1740415350649635013","Thu Dec 28 17:17:44 +0000 2023","0","Ada orang yang mau bawa bendera di konser The Unity in Jakarta nanti please cukup The Link belajar dri kesalahan jangan di ulangin. Klo jatuh di lubang sayang sama goblok namanya","1740421790411972689","","thisisapraa","in","","0","1","0","https://x.com/thisisapraa/status/1740421790411972689","1603291477651918849","thisisapraa"
"1744209915986772178","Mon Jan 08 04:19:35 +0000 2024","0","@nctzenhumanity 1st konser nct ku itu the link in jakarta day 1 iya day 1 yg rusuh itu. setelah konser selesai aku dan teman2ku cuma bisa nangis semaleman. aku masih stay di venue sampe jam 11 dan akhirnya balik ke hotel masih dgn nangis2an.. sampe pas day 2 aku pulang kerumah +","1744212227706769452","","tenkickback","in","Paguyuban Februari","0","1","0","https://x.com/tenkickback/status/1744212227706769452","1370214016967188480","tenkickback"
"1634028809774301184","Fri Mar 10 03:10:01 +0000 2023","309","Sfs! Waktu The Link sama TDS2 in Jakarta kalian bawa Bunga Matahari/barang gambar bunga matahari nggak? Kalo iya pamerin dong sender mau jadiin referensi buat next konser. Thank you Sfs https://t.co/JvOPd0paWQ","1634028809774301184","https://pbs.twimg.com/media/Fq08iZ4aUAA-PV6.jpg","","in","tutor kirim menfess cek likes","4","25","39","https://x.com/haechanconfess/status/1634028809774301184","1291267816574693376","haechanconfess"
"1632175449999826945","Sun Mar 05 00:25:26 +0000 2023","6","Sebagai alumni The Link Day 1 Puji Tuhan akhirnya bisa selesai nonton konser The Dream Show Day 1 Thank you NCTzen sudah tertib. Seneng banget bisa liat 7Dream di panggung (esp. Haechan ) #THEDREAMSHOW2_in_JAKARTA #NCTDREAM #TDS2inJAKARTA_DAY1 #TDS2inJAKARTA https://t.co/1DuLhtY7aV","1632175449999826945","https://pbs.twimg.com/media/FqamzabaUAAALbk.jpg","","in","Indonesia","0","0","0","https://x.com/agathamalona/status/1632175449999826945","55509606","agathamalona"
"1640688042792075264","Tue Mar 28 12:11:26 +0000 2023","6","OPEN JASA WAR TIKET KONSER RED VELVET R TO CONCERT IN JAKARTA = 20 Mei 2023 ‚è∞= TBA FEE = 150k/tix Pengalaman jastip &amp; war tiket konser (svt tds2 the link trejo) Bookslot DP 50k/tix t. Jasa war tiket konser. Red Velvet. RV. R to V Concert. #jastip #jasawarticket https://t.co/GfeRQn2QIU","1640688042792075264","https://pbs.twimg.com/media/FsTk5J-aIAARtU2.jpg","","in","","1","1","1","https://x.com/hellobebears/status/1640688042792075264","1514470263261626371","hellobebears"
"1634121398603087874","Fri Mar 10 09:17:56 +0000 2023","0","WTS OFFICIAL LIGHTSTICK NCT Baru dipake sekali pas kemarin konser the link. Aku jual karna udah lost interest sama kpop hueheueh Bekasi bisa cod sekitaran jatimulya/bekasi timur 650 Nego tipis @ansluthfiyah &gt;dm 1st twitter #NCTDREAM_THEDREAMSHOW2_in_JAKARTA #nctlightstick https://t.co/u0sRaGQ7Br","1634121398603087874","https://pbs.twimg.com/media/Fq2Qu8iaAAAbSSH.jpg","","in","","0","0","0","https://x.com/bucinchanyeoll_/status/1634121398603087874","1546639445528817664","bucinchanyeoll_"
"1624001406763171841","Fri Feb 10 11:04:42 +0000 2023","0","tas pvc murah meriah! Buat konser tds2 bisa cek disini yaa ini udah aku pake 5x dari penukaran tiket &amp; konser the link day 1-2. Awetttt!! 20.000 &gt;&gt; https://t.co/0tNG2G1yZB #THEDREAMSHOW2_in_Jakarta https://t.co/twKS7tIsGU","1624001406763171841","https://pbs.twimg.com/media/Fomcq2VaUAQLL6K.jpg","","in","99¬¥ ","1","1","0","https://x.com/Jenjaeminrin/status/1624001406763171841","1376733625","Jenjaeminrin"
"1645145778732810241","Sun Apr 09 19:24:53 +0000 2023","0","ilichil killing voice menjadi saksi bisu skripsian gue sih dan ngingetin konser the link in jakarta Ô∏èÔ∏èÔ∏èÔ∏è","1645145778732810241","","","in","Moon Taeil","0","0","0","https://x.com/taeilsfiance/status/1645145778732810241","1014827497525948416","taeilsfiance"
"1655734228276113408","Tue May 09 00:39:36 +0000 2023","6","Sebagai alumni penonton konser EP 5 In Jakarta jujur ya menurutku Dyandra itu bener2 belajar untuk memperbaiki diri. Waktu EP5 gak ada yg namanya antrian gate khusus penonton yg sebagus The Link dan TDS pas mau masuk venue tuh ngantri berjam-jam di luar gak ada yg namanya","1655734228276113408","","","in","","1","1","2","https://x.com/dearmyd4y12/status/1655734228276113408","1629412422216982529","dearmyd4y12"
"1632273703009681408","Sun Mar 05 06:55:51 +0000 2023","0","Kata gua mah kemarin konser NCT 127 The Link in Jakarta tuh dikutuk dah","1632273703009681408","","","in","Seoul, Republic of Korea","1","0","0","https://x.com/chicagocaffeine/status/1632273703009681408","1433278274726084614","chicagocaffeine"
"1643422103109251073","Wed Apr 05 01:15:37 +0000 2023","2","Buat yang nanya WayV kendaraannya pake apa kita pake BigBus yang sama kayak pas TDS + The Link! Full AC full musik ada port charger kursi mantep aduuu tunggu apa lagi???? #WayV #WayV_Phantom_in_JAKARTA #WayV_FanmeetingTour #WayV_Phantom #trip #tripbogor #tripkonser","1643422103109251073","","","in","Bogor - Jakarta","0","1","0","https://x.com/ConcertMateID/status/1643422103109251073","4741405790","ConcertMateID"
"1632925624267579392","Tue Mar 07 02:06:21 +0000 2023","0","Terus konser besar kedua adalah THE LINK IN JAKARTA 2022. Huhuhu kadang masih nangis sampe skrg soalnya momennya seindah itu Tiketnya war sendiri juga dapet day 2 cat 3B apakah ada warga day 2 cat 3B juga yang melihat twit ini?","1632925624267579392","","","in","","0","0","0","https://x.com/__mochibee__/status/1632925624267579392","1632681964514979841","__mochibee__"
"1632195155372670976","Sun Mar 05 01:43:44 +0000 2023","0","The dream show 2 in jakarta konser pertama gua gua jadi kpopers thn 2009/2010 which is umur gua masih 9/10 tahun (btw I have the same birthday with my love renjun). Sbnrnya gua deg2an day1 karena ngeliat konser the link tahun lalu yg ricuh pas day1 but see .","1632195155372670976","","","in","","0","1","0","https://x.com/hanactzen/status/1632195155372670976","1289494269103714304","hanactzen"
"1576861831305449475","Mon Mar 20 18:20:15 +0000 2023","0","Update wishlist : 1. 1 year membership di ZAP 2. Nonton konser NCT 127 THE LINK in JAKARTA 3. Pulang konser NCT DREAM THE DREAM SHOW 2 - In A Dream ALHAMDULILLAH BAHAGIA 4. MENIKAH‚ÄºÔ∏è","1637881756471951360","","dikanurkistin","in","ü©µüêØüé∏üçâüå∑üëΩüç≥üèÄüå±","0","0","0","https://x.com/dikanurkistin/status/1637881756471951360","1332608701018955777","dikanurkistin"
"1658320491453767681","Tue May 16 03:56:29 +0000 2023","0","OPEN JASTIP TXT ACT: SWEET MIRAGE IN JAKARTA 2023 GEN SALES fee 300k 8 ticket only Grup Jastip Di urus sampe tiket fisik Book slot 25k tnc lebih lanjut by dm. Udah berpengalaman war in tiket wings tour bets sept des tds2 BP the link maniac agustd","1658320491453767681","","","in","Indonesia","2","1","0","https://x.com/nitipyeogi/status/1658320491453767681","1658270262549446657","nitipyeogi"
"1632241272600637442","Sun Mar 05 04:46:59 +0000 2023","0","Terima kasih NCT Dream untuk konsernya dan terima kasih sijeuni day 1 karena kita tertib dan kompak. Sebagai korban the link day 1 (konser pertama aku) jadi takut banget kalau tiba dibubarin lagi. #THEDREAMSHOW2_in_JAKARTA","1632241272600637442","","","in","","0","0","0","https://x.com/czlsshiniumeku7/status/1632241272600637442","1289186650052898818","czlsshiniumeku7"
"1617002576876302336","Sun Jan 22 03:33:51 +0000 2023","0","halo halo ges!! yuk semua vaksin ready!! yang mau pergi pergian? mau konser?!? tapi belum vaksin? yuk ke aku!! setelah input data langsung masuk ke apk PL!! #zonauang #BeyonceInDubai #NCTDREAM_THEDREAMSHOW2_in_JAKARTA #Beyonce #NCT127_NEOCITY_THE_LINK","1617002576876302336","","","in","","0","0","0","https://x.com/jasasegalajasa/status/1617002576876302336","1605473006494822401","jasasegalajasa"
"1637471560373268480","Sun Mar 19 15:10:17 +0000 2023","0","OPEN JASTIP WAR KONSER SUGA AGUST D TOUR IN JAKARTA Fee 300k/tix Hanya bantu war Fee dibayar ketika fix dapat 100% trusted Bisa data diri sendiri Pengalaman dapet tiket allo bank day 1&amp;2 TXT in jakarta NCT the link 127 kindly DM me #AgustDinJKT #SUGA_AgustD_TOUR_in_Jakarta","1637471560373268480","","","in","Indonesia ","0","2","0","https://x.com/strollingmoon/status/1637471560373268480","1455024923731062787","strollingmoon"
"1638451989574197250","Wed Mar 22 08:06:09 +0000 2023","0","OPEN JASTIP WAR TIKET KONSER SUGA AGUST D TOUR IN JAKARTA Fee 300k/tix Hanya bantu war Fee dibayar ketika fix dapat 100% trusted Bisa data diri sendiri Pengalaman dpt tiket allobank TXT NCT the link kindly DM me #AgustDinJKT #SUGA_AgustD_TOUR_in_Jakarta","1638451989574197250","","","in","Indonesia ","1","1","0","https://x.com/strollingmoon/status/1638451989574197250","1455024923731062787","strollingmoon"
"1633293759407595521","Fri Mar 10 04:36:35 +0000 2023","0","@audimarissa_ Ini juga yang nipu gue pas konser THE LINK IN JAKARTA","1634050592384638976","","audimarissa_","in","","0","0","0","https://x.com/origamiane/status/1634050592384638976","1555124875726954496","origamiane"
"1618244371639599104","Thu Jan 26 15:08:42 +0000 2023","1","Yuk WTS tiket konser Treasure Hello in Jakarta sec Purple B masih ada ya Ini sedikit POV buat Sec ini ya dari konser the link kemarin. Berhubung lokasinya sama kurleb gini tampaknya #TREASURE_HELLOinJKT","1618626991758114821","","queenamatcha","in","Nebula","0","2","0","https://x.com/queenamatcha/status/1618626991758114821","1288017404287565825","queenamatcha"
"1620771044448673792","Wed Feb 01 13:10:42 +0000 2023","0","[Penitipan barang di konser NCT 127 The Link in Jakarta 2022 Day 1 &amp; Day 2] https://t.co/IdU50KnYKV","1620771624038588416","","KontanShop","in","Bekasi - Jakarta Timur","0","1","0","https://x.com/KontanShop/status/1620771624038588416","1351009084640784386","KontanShop"
"1626222371291136007","Thu Feb 16 14:10:01 +0000 2023","11","OPEN JASA WAR TIKET KONSER AUGUST D. TOUR IN JAKARTA Ô∏è = 26-28 Mei 2023 ‚è∞ = TBA FEE = 150k/tix Pengalaman jastip &amp; war tiket konser (svt tds2 the link trejo) Bookslot DP 50k/tix t. Jasa war tiket konser. August d. Suga. August D tour. #jastip #jasawarticket https://t.co/5C7pvXrq2m","1626222371291136007","https://pbs.twimg.com/media/FpGAdrnagAU5q7B.jpg","","in","","3","4","4","https://x.com/hellobebears/status/1626222371291136007","1514470263261626371","hellobebears"
"1618979917814988801","Fri Jan 27 14:31:06 +0000 2023","36","OPEN JASWAR TIKET KONSER NCT DREAM: THE DREAM SHOW 2 in Jakarta Fee 300K/tiket Diurus sampai tiket fisik Bank / e-wallet / spaylater (co shopee) DM AJA YAA Pengalaman war tiket justin bieber dan the link #NCTDREAM #TDS2inJKT #THEDREAMSHOW2_in_Jakarta #THEDREAMSHOW2","1618979917814988801","","","in","Indonesia","1","2","173","https://x.com/ykzirtrack/status/1618979917814988801","584765978","ykzirtrack"
"1626598163716136963","Fri Feb 17 15:14:41 +0000 2023","5","pas the link sebelumnya aku liat sendiri yg gabisa di scan tiketnya nyes.. ga hanya satu tp banyaaakk:( dari yg beli dari penipu scam atau wtt wtt hadeee emang dah wtb wts wtt tiket konser tds 2 jakarta nct the dream show #THEDREAMSHOW2_in_JKT #TDS2inJAKARTA","1626601033903525889","","wwmg_17","in","svt stan since svt tv 2013","1","2","0","https://x.com/wwmg_17/status/1626601033903525889","363990661","wwmg_17"
"1612094897494065158","Sun Jan 08 14:36:40 +0000 2023","0","[Penitipan barang di konser NCT 127 The Link in Jakarta 2022 Day 1 &amp; Day 2] https://t.co/I9tcgFRGBB","1612095949412904963","","KontanShop","in","Bekasi - Jakarta Timur","0","1","0","https://x.com/KontanShop/status/1612095949412904963","1351009084640784386","KontanShop"
"1743161402754478338","Fri Jan 05 06:43:59 +0000 2024","0","konser jonas brothers di indo ga ada QN sama free seating yatuhan engga pernah liat the link in jakarta?!","1743161402754478338","","","in","fanacc ; she/her ; 96","0","0","0","https://x.com/with4723/status/1743161402754478338","563488286","with4723"
"1614259804155031558","Sat Jan 14 13:55:06 +0000 2023","0","pengalaman war: the link in jakarta seventeen be the sun + add show maniac in jkt born pink in jkt konser nadin selamat ulang tahun tulus tur manusia (presale+general) testimoni the link below https://t.co/2sNfZ0qsER","1614259817413214208","https://pbs.twimg.com/media/FmcAvetaEAAYgGs.jpg","bonavenuez","in","","0","0","0","https://x.com/bonavenuez/status/1614259817413214208","1533133764158976000","bonavenuez"
"1631947898660491265","Sat Mar 04 09:21:13 +0000 2023","3","Buat yang nntn have fun ya jangan rusuh jangan sampe kaya the link day 1 kmrn pokonya have fun nikmatin konser nya semoga suatu saat gua juga bisa nntn dream #THEDREAMSHOW2_in_Jakarta #NCTDREAM_THEDREAMSHOW2 #SiapKetemu7Dream","1631947898660491265","","","in","","0","0","0","https://x.com/nanagfofc/status/1631947898660491265","1500811354885672964","nanagfofc"
"1632013213092159488","Sat Mar 04 13:40:45 +0000 2023","1","Konser NCT Dream &amp;lsquo;The Dream Show 2 in Jakarta&amp;rsquo; Dapat Kado Spesial dari Alumni Penonton Konser The Link NCT 12 #NCTDREAM_THEDREAMSHOW2 #NCTDREAM_THEDREAMSHOW2_in_JAKARTA https://t.co/VfPNF4xWJS","1632013213092159488","","","in","Jakarta","0","0","0","https://x.com/Kilat_com/status/1632013213092159488","174631261","Kilat_com"
"1628583119363403776","Thu Feb 23 02:30:47 +0000 2023","0","Jaswar tiket konser Tour Suga ! - Pake Akun Customer - Pengalaman War TDS 2 &amp; The Link - No DP &amp; Fee setelah tiket secure - Join grup - Trusted soalnya timnya juga kpopers ada kontak timnya juga~ tag. #AGUSTDINJAKARTA #AgustDOnTour #SUGA_AgustD_Tour_in_jakarta #zonauang","1628583119363403776","","","in","Jualan ku :","0","0","0","https://x.com/canztick/status/1628583119363403776","1261387796675088389","canztick"
